columbusga,georgia
monterey,sfbay
hampton,virginia
cincinnati,ohio
merced,sanjoaquinvalley
stgeorge,utah
roanoke,virginia
bismarck,northdakota
farmington,newmexico
sanantonio,southtexas
bloomingtonin,indiana
centraljersey,newjersey
columbiamo,missouri
appleton,wisconsin
tulsa,oklahoma
wausau,wisconsin
muskegon,michigan
southjersey,newjersey
dothan,alabama
syracuse,upstateny
pueblo,colorado
norfolk,virginia
bridgeport,connecticut
plattsburgh,upstateny
bozeman,montana
northjersey,newjersey
olympia,washington
mattoon,illinois
siouxcity,iowa
lascruces,newmexico
panamacity,northwestflorida
augusta,georgia
newportnews,virginia
chicago,illinois
rockies,colorado
greenville,southcarolina
richmond,virginia
northplatte,nebraska
racine,wisconsin
harrisonburg,virginia
sarasota,southwestflorida
northmiss,mississippi
biloxi,mississippi
newlondon,connecticut
morgantown,westvirginia
bigisland,hawaii
bakersfield,sanjoaquinvalley
spokane,washington
grandforks,northdakota
elpaso,westtexas
aberdeen-sd,southdakota
capecod,massachusetts
brownsville,southtexas
alexandria,louisiana
stockton,sanjoaquinvalley
florence,southcarolina
provo,utah
quadcities,iowa
fairfield,newyork
mendocino,upstateca
minot,northdakota
huntingtonoh,ohio
corvallis,oregon
brunswick,georgia
wenatchee,washington
centralmich,michigan
tuscarawas,ohio
glensfalls,upstateny
asheville,northcarolina
mansfield,ohio
saltlakecity,utah
manhattanks,kansas
tampa,southwestflorida
rockford,illinois
visalia,sanjoaquinvalley
siskiyou,upstateca
blacksburg,virginia
delrio,southtexas
lakecharles,louisiana
westky,kentucky
texarkana,northeasttexas
bend,oregon
treasurecoast,centralflorida
athensga,georgia
longview,northeasttexas
newhaven,connecticut
tacoma,washington
lubbock,westtexas
showlow,arizona
louisville,kentucky
catskills,upstateny
inlandempire,la
eastky,kentucky
springfield,massachusetts
mankato,minnesota
valdosta,georgia
santamaria,centralcoast
billings,montana
southcoast,massachusetts
fingerlakes,upstateny
westpalmbeach,southflorida
palmbay,centralflorida
killeen,centraltexas
corpuschristi,southtexas
greensboro,northcarolina
sf,sfbay
galveston,southeasttexas
houston,southeasttexas
tallahassee,northwestflorida
fresno,sanjoaquinvalley
eastbay,sfbay
beaumont,southeasttexas
washingtondc,dc
auburn,alabama
helena,montana
logan,utah
modesto,sanjoaquinvalley
milwaukee,wisconsin
fairbanks,alaska
roswell,newmexico
oneonta,upstateny
denver,colorado
klamath,oregon
tyler,northeasttexas
charlottesville,virginia
meridian,mississippi
eugene,oregon
poconos,pennsylvania
lowell,massachusetts
myrtlebeach,southcarolina
stcloud,minnesota
harrisburg,pennsylvania
stjoseph,missouri
susanville,upstateca
hickory,northcarolina
missoula,montana
detroit,michigan
chillicothe,ohio
redding,upstateca
chesapeake,virginia
medford,oregon
coloradosprings,colorado
huntington,westvirginia
albanyga,georgia
jackson,mississippi
quincy,illinois
texoma,northeasttexas
pensacola,northwestflorida
terrehaute,indiana
fargo,northdakota
lawrence,kansas
tricitieswa,washington
albuquerque,newmexico
york,pennsylvania
shreveport,louisiana
scottsbluff,nebraska
sanluisobispo,centralcoast
lynchburg,virginia
desmoines,iowa
waterloo,iowa
raleigh,northcarolina
charleston,southcarolina
lewiston,idaho
austin,centraltexas
lasalle,illinois
macon,georgia
humboldt,upstateca
neworleans,louisiana
virginiabeach,virginia
sanjose,sfbay
cedarrapids,iowa
johnsoncity,tennessee
arlington,northeasttexas
sandusky,ohio
charlestonwv,westvirginia
southernmaryland,washingtondc
danville,virginia
muncie,indiana
pittsburgh,pennsylvania
yakima,washington
hartford,connecticut
honolulu,hawaii
eauclaire,wisconsin
rapidcity,southdakota
evansville,indiana
holland,michigan
sanfernandovalley,la
youngstown,ohio
ventura,la
prescott,arizona
charlotte,northcarolina
portsmouth,virginia
boston,massachusetts
shoals,alabama
worcester,massachusetts
reno,nevada
tuscaloosa,alabama
juneau,alaska
fortworth,northeasttexas
roseburg,oregon
rochester,upstateny
dallas,northeasttexas
parkersburg,westvirginia
wichitafalls,northeasttexas
martinsburg,westvirginia
montgomery,alabama
clovis,newmexico
peoria,illinois
santafe,newmexico
norman,oklahoma
dayton,ohio
brooklyn,newyork
ocala,northflorida
littlerock,arkansas
queens,newyork
kc,missouri
omaha,nebraska
gadsden,alabama
mobile,alabama
frederick,maryland
madison,wisconsin
bellingham,washington
victoriatx,southtexas
annarbor,michigan
staugustine,northflorida
siouxfalls,southdakota
greenbay,wisconsin
northernmichigan,michigan
cookeville,tennessee
lansing,michigan
boulder,colorado
palmsprings,la
nwga,georgia
westchester,newyork
sanmateo,sfbay
athensoh,ohio
richmondin,indiana
wilmington,northcarolina
lexington,kentucky
kirksville,missouri
kauai,hawaii
wheeling,westvirginia
kalamazoo,michigan
twintiers,upstateny
longisland,newyork
kenaipeninsula,alaska
fortdodge,iowa
hattiesburg,mississippi
lancaster,pennsylvania
okaloosa,northwestflorida
knoxville,tennessee
toledo,ohio
limaoh,ohio
reading,pennsylvania
yuma,arizona
losangeles,la
stlouis,missouri
nashville,tennessee
boise,idaho
akroncanton,ohio
grandrapids,michigan
butte,montana
ames,iowa
mtvernon,washington
bronx,newyork
lawton,oklahoma
hiltonhead,southcarolina
baltimore,maryland
westslope,colorado
cumberlandvalley,maryland
owensboro,kentucky
meadville,pennsylvania
masoncity,iowa
highpoint,northcarolina
jacksonmi,michigan
kokomo,indiana
sierravista,arizona
warwick,rhodeisland
odessa,westtexas
huntsville,alabama
nwct,connecticut
williamsport,pennsylvania
atlanta,georgia
brockton,massachusetts
stillwater,oklahoma
huntsvilletx,southeasttexas
oklahomacity,oklahoma
natchez,mississippi
bemidji,minnesota
springfieldmo,missouri
maui,hawaii
statenisland,newyork
elmira,upstateny
seattle,washington
monroe,louisiana
outerbanks,northcarolina
albany,upstateny
salina,kansas
kalispell,montana
annapolis,maryland
utica,upstateny
ashtabula,ohio
carbondale,illinois
chautauqua,upstateny
indianapolis,indiana
columbia,southcarolina
zanesville,ohio
keys,southflorida
everett,washington
statesboro,georgia
houma,louisiana
sheboygan,wisconsin
lacrosse,wisconsin
chattanooga,tennessee
daytona,centralflorida
abilene,westtexas
iowacity,iowa
porthuron,michigan
northbay,sfbay
flint,michigan
ottumwa,iowa
savannah,georgia
gainesville,northflorida
ftlauderdale,southflorida
winstonsalem,northcarolina
suffolk,virginia
birmingham,alabama
mcallen,southtexas
ithaca,upstateny
denton,northeasttexas
fortwayne,indiana
clarksville,tennessee
santabarbara,centralcoast
springfieldil,illinois
fayettevillenc,northcarolina
grandisland,nebraska
chambersburg,pennsylvania
amarillo,westtexas
jonesboro,arkansas
jacksonville,northflorida
semo,missouri
lincoln,nebraska
easternshore,maryland
saginaw,michigan
miami,southflorida
orlando,centralflorida
duluth,minnesota
chico,upstateca
brainerd,minnesota
elko,nevada
bowlinggreen,kentucky
altoona,pennsylvania
cleveland,ohio
sangabrielvalley,la
rochestermn,minnesota
batonrouge,louisiana
santacruz,sfbay
providence,rhodeisland
columbus,ohio
swva,virginia
binghamton,upstateny
palmdale,la
decatur,illinois
easternnc,northcarolina
anchorage,alaska
collegestation,southeasttexas
sanmarcos,centraltexas
topeka,kansas
greatfalls,montana
joplin,missouri
longbeach,la
fortcollins,colorado
fredericksburg,virginia
battlecreek,michigan
pullman,washington
twinfalls,idaho
waco,centraltexas
chambana,illinois
philadelphia,pennsylvania
nova,washingtondc
tippecanoe,indiana
loz,missouri
bloomington,illinois
lasvegas,nevada
laredo,southtexas
westernmaryland,maryland
monroemi,michigan
pierre,southdakota
swmi,michigan
memphis,tennessee
flagstaff,arizona
jerseyshore,newjersey
up,michigan
tucson,arizona
lakeland,southwestflorida
southbend,indiana
wichita,kansas
janesville,wisconsin
minneapolis,minnesota
salem,oregon
erie,pennsylvania
hudsonvalley,upstateny
portland,oregon
eastidaho,idaho
pennstate,pennsylvania
allentown,pennsylvania
mohave,arizona
potsdam,upstateny
moseslake,washington
manhattan,newyork
phoenix,arizona
southernwestvirginia,westvirginia
dubuque,iowa
eastoregon,oregon
fortsmith,arkansas
orangecounty,la
fortmyers,southwestflorida
scranton,pennsylvania
ogden,utah
spacecoast,centralflorida
watertown,upstateny
lafayette,louisiana
boone,northcarolina
oregoncoast,oregon
fayetteville,arkansas
tricities,tennessee
buffalo,upstateny
burlington,burlington
delaware,delaware
imperial,imperial
maine,maine
newhampshire,newhampshire
sacramento,sacramento
sandiego,sandiego
wyoming,wyoming