aberdeen-sd,Aberdeen
abilene,Abilene
akroncanton,Akron
albanyga,Albany Georgia
albany,Albany New York
poconos,Mt. Poconos
albuquerque,Albuquerque
alexandria,Alexandria
allentown,Allentown
altoona,Altoona
amarillo,Amarillo
ames,Ames
anchorage,Anchorage
annarbor,Ann Arbor
annapolis,Annapolis
appleton,Appleton
arlington,Arlington Texas
asheville,Asheville
ashtabula,Ashtabula
rockies,Aspen
athensga,Athens Georgia
athensoh,Athens Ohio
atlanta,Atlanta
southjersey,Camden
auburn,Auburn
augusta,Augusta
semo,Southeast Missouri
austin,Austin
outerbanks,Morehead City
bakersfield,Bakersfield
baltimore,Baltimore
nova,Arlington Virginia
batonrouge,Baton Rouge
battlecreek,Battle Creek
longisland,Bay Shore
beaumont,Beaumont
southernwestvirginia,Beckley
southernmaryland,Waldorf
bellingham,Bellingham
bemidji,Bemidji
bend,Bend
swmi,Benton Harbor
bigisland,Big Island
billings,Billings
biloxi,Biloxi
binghamton,Binghamton
birmingham,Birmingham
bismarck,Bismarck
blacksburg,Blacksburg
bloomingtonin,Bloomington Indiana
bloomington,Bloomington Illinois
boise,Boise
boone,Boone
boston,Boston
boulder,Boulder
bowlinggreen,Bowling Green
bozeman,Bozeman
brainerd,Brainerd
imperial,Brawley
bronx,Bronx
brooklyn,Brooklyn
brownsville,Brownsville
brunswick,Brunswick
buffalo,Buffalo
burlington,Burlington
ottumwa,Southeast Iowa
butte,Butte
westky,Paducah
carbondale,Carbondale
texoma,Sherman
cedarrapids,Cedar Rapids
chambersburg,Chambersburg
chambana,Champaign
charleston,Charleston South Carolina
charlestonwv,Charleston West Virginia
charlotte,Charlotte
charlottesville,Charlottesville
chattanooga,Chattanooga
chautauqua,Chautauqua
chesapeake,Chesapeake
chicago,Chicago
chico,Chico
chillicothe,Chillicothe
cincinnati,Cincinnati
clarksville,Clarksville
nwga,Rome
cleveland,Cleveland
clovis,Clovis
collegestation,College Station
coloradosprings,Colorado Springs
columbiamo,Columbia Missouri
columbia,Columbia South Carolina
columbusga,Columbus Georgia
columbus,Columbus Ohio
cookeville,Cookeville
corpuschristi,Corpus Christi
corvallis,Corvallis
okaloosa,Crestview
westernmaryland,Garrett County
dallas,Dallas
danville,Danville
southcoast,New Bedford
dayton,Dayton
daytona,Daytona Beach
decatur,Decatur
monterey,Del Monte Forest
delrio,Del Rio
denton,Denton
denver,Denver
desmoines,Des Moines
detroit,Detroit
dothan,Dothan
dubuque,Dubuque
duluth,Duluth
eauclaire,Eau Claire
elpaso,El Paso
pueblo,El Prado
elko,Elko
elmira,Elmira
erie,Erie
eugene,Eugene
humboldt,Eureka
evansville,Evansville
everett,Everett
fairbanks,Fairbanks
fairfield,Fairfield
fargo,Fargo
farmington,Farmington
fayettevillenc,Fayetteville North Carolina
fayetteville,Fayetteville Arkansas
flagstaff,Flagstaff
flint,Flint
florence,Florence
inlandempire,Forest Falls
fortcollins,Fort Collins
fortdodge,Fort Dodge
ftlauderdale,Fort Lauderdale
fortmyers,Fort Myers
fortsmith,Fort Smith
fortwayne,Fort Wayne
fortworth,Fort Worth
frederick,Frederick
fredericksburg,Fredericksburg
fresno,Fresno
gadsden,Gadsden
gainesville,Gainesville
galveston,Galveston
centraljersey,Trenton
hudsonvalley,Poughkeepsie
glensfalls,Glens Falls
grandforks,Grand Forks
grandisland,Grand Island
westslope,Grand Junction
grandrapids,Grand Rapids
greatfalls,Great Falls
greenbay,Green Bay
greensboro,Greensboro
greenville,Greenville SC
easternnc,Greenville NC
hampton,Hampton
harrisburg,Harrisburg
harrisonburg,Harrisonburg
hartford,Hartford
nwct,Torrington
hattiesburg,Hattiesburg
helena,Helena
hickory,Hickory
hiltonhead,Hilton Head Island
holland,Holland
honolulu,Honolulu
houma,Houma
houston,Houston
huntington,Huntington
huntsville,Huntsville Alabama
huntsvilletx,Huntsville Texas
indianapolis,Indianapolis
iowacity,Iowa City
orangecounty,Anaheim
ithaca,Ithaca
jackson,Jackson Mississippi
jacksonmi,Jackson Michigan
jacksonville,Jacksonville
janesville,Janesville
jerseyshore,Atlantic City
jonesboro,Jonesboro
joplin,Joplin
juneau,Juneau
kauai,Kalaheo
kalamazoo,Kalamazoo
kalispell,Kalispell
kc,Kansas City
tricitieswa,Kennewick
killeen,Killeen
mohave,Cape Girardeau
tricities,Tri Cities
kirksville,Kirksville
klamath,Klamath Falls
knoxville,Knoxville
kokomo,Kokomo
maui,Kula
lacrosse,La Crosse
tippecanoe,Tippe Canoe
lafayette,Lafayette
lakecharles,Lake Charles
loz,Camden County
lakeland,Lakeland
lancaster,Lancaster
lansing,Lansing
laredo,Laredo
lascruces,Las Cruces
lasvegas,Las Vegas
lasalle,LaSalle
lawrence,Lawrence
lawton,Lawton
lewiston,Lewiston
eastky,Pikeville
lexington,Lexington
limaoh,Lima
lincoln,Lincoln
littlerock,Little Rock
logan,Logan
longbeach,Long Beach
sanfernandovalley,Glendale
losangeles,Los Angeles
louisville,Louisville
lubbock,Lubbock
lynchburg,Lynchburg
macon,Macon
madison,Madison
manhattanks,Manhattan
mankato,Mankato
mansfield,Mansfield
up,Marquette
martinsburg,Martinsburg
masoncity,Mason City
mattoon,Mattoon
mcallen,McAllen
meadville,Meadville
medford,Medford
memphis,Memphis
merced,Merced
meridian,Meridian
miami,Miami
milwaukee,Milwaukee
minneapolis,Minneapolis
minot,Minot
missoula,Missoula
mobile,Mobile
modesto,Modesto
quadcities,Davenport
monroe,Monroe Louisiana
monroemi,Monroe Michigan
siskiyou,Montague
sangabrielvalley,Pasadena
montgomery,Montgomery
morgantown,Morgantown
moseslake,Moses Lake
mtvernon,Mount Vernon
muncie,Muncie
shoals,Florence
muskegon,Muskegon
myrtlebeach,Myrtle Beach
nashville,Nashville
natchez,Natchez
utica,New Hartford
newhaven,New Haven
newlondon,New London
neworleans,New Orleans
tuscarawas,New Philadelphia
manhattan,New York
newportnews,Newport News
norfolk,Norfolk
northplatte,North Platte
eastbay,Oakland
ocala,Ocala
odessa,Odessa
ogden,Ogden
oklahomacity,Oklahoma City
catskills,Shandaken
olympia,Olympia
omaha,Omaha
oneonta,Oneonta
orlando,Orlando
fingerlakes,Geneva
owensboro,Owensboro
northmiss,Tupelo
palmsprings,Palm Springs
palmdale,Palmdale
panamacity,Panama City
parkersburg,Parkersburg
eastoregon,La Grande
pensacola,Pensacola
peoria,Peoria
philadelphia,Philadelphia
phoenix,Phoenix
pierre,Pierre
pittsburgh,Pittsburgh
plattsburgh,Plattsburgh
eastidaho,Idaho Falls
porthuron,Port Huron
portland,Portland
portsmouth,Portsmouth
potsdam,Potsdam
prescott,Prescott
easternshore,Salisbury
providence,Providence
provo,Provo
pullman,Pullman
queens,Queens
quincy,Quincy
racine,Racine
raleigh,Raleigh
rapidcity,Rapid City
reading,Reading
redding,Redding
mendocino,Ukiah
reno,Reno
richmondin,Richmond Indiana
richmond,Richmond Virginia
roanoke,Roanoke
rochester,Rochester New York
rochestermn,Rochester Minnesota
rockford,Rockford
roseburg,Roseburg
roswell,Roswell
sacramento,Sacramento
saginaw,Saginaw
staugustine,Saint Augustine
stcloud,Saint Cloud
stjoseph,Saint Joseph
salem,Salem
salina,Salina
saltlakecity,Salt Lake City
sanantonio,San Antonio
sandiego,San Diego
sf,San Francisco
sanjose,San Jose
sanluisobispo,San Luis Obispo
sanmarcos,San Marcos
sanmateo,San Mateo
sandusky,Sandusky
santabarbara,Santa Barbara
santacruz,Santa Cruz
santafe,Santa Fe
santamaria,Santa Maria
northbay,Santa Rosa
sarasota,Sarasota
savannah,Savannah
twintiers,Jamestown
scottsbluff,Scottsbluff
scranton,Scranton
seattle,Seattle
sheboygan,Sheboygan
centralmich,Mt. Pleasant
showlow,Show Low
shreveport,Shreveport
sierravista,Sierra Vista
siouxcity,Sioux City
siouxfalls,Sioux Falls
kenaipeninsula,Soldotna
southbend,South Bend
spokane,Spokane
springfield,Springfield Massachussetts
springfieldmo,Springfield Missouri
springfieldil,Springfield Illinois
stgeorge,St. George
stlouis,St. Louis
pennstate,State College
statenisland,Staten Island
statesboro,Statesboro
stillwater,Stillwater
stockton,Stockton
treasurecoast,Vero Beach
suffolk,Suffolk
keys,Key West
susanville,Susanville
syracuse,Syracuse
tacoma,Tacoma
tallahassee,Tallahassee
tampa,Tampa
terrehaute,Terre Haute
texarkana,Texarkana
cumberlandvalley,Cumberland
spacecoast,Melbourne
toledo,Toledo
oregoncoast,Coos Bay
topeka,Topeka
northernmichigan,Traverse City
tucson,Tucson
tulsa,Tulsa
tuscaloosa,Tuscaloosa
twinfalls,Twin Falls
tyler,Tyler
valdosta,Valdosta
ventura,Ventura
victoriatx,Victoria
virginiabeach,Virginia Beach
visalia,Visalia
waco,Waco
washingtondc,Washington
waterloo,Waterloo
watertown,Watertown
wausau,Wausau
huntingtonoh,Wellington
wenatchee,Wenatchee
westpalmbeach,West Palm Beach
wheeling,Wheeling
wichita,Wichita
wichitafalls,Wichita Falls
williamsport,Williamsport
wilmington,Wilmington
swva,Roanoke
winstonsalem,Winston-Salem
northjersey,Newark
worcester,Worcester
yakima,Yakima
capecod,Barnstable
westchester,Yonkers
york,York
youngstown,Youngstown
yuma,Yuma
zanesville,Zanesville
wyoming,Cheyenne
maine,Portland
newhampshire,Manchester
delaware,Dover
lowell,Lowell
brockton,Brockton
johnsoncity,Johnson City
bridgeport,Bridgeport
highpoint,High Point
palmbay,Palm Bay
warwick,Warwick
longview,Longview
norman,Norman